user_id,mobile_recharge_amt_avg,monthly_utility_bill,upi_txn_count,wallet_balance_avg,ecommerce_txn_count,cash_on_delivery_pct,gig_platform_income
user_1,280,1678,19,662,11,6,3483
user_2,344,1907,32,452,1,45,14950
user_3,468,1209,22,349,10,45,2944
user_4,178,487,38,1925,11,99,12568
user_5,329,1613,26,1975,14,15,7210
user_6,362,344,15,1657,8,23,7653
user_7,149,1896,17,493,11,60,8787
user_8,375,382,8,619,2,53,1986
user_9,346,1446,26,1027,7,61,10942
user_10,231,657,11,1116,10,0,1074
user_11,223,1851,47,918,14,48,12161
user_12,365,1389,28,5,8,24,4305
user_13,413,1235,8,287,7,9,12413
user_14,237,1980,32,1641,3,79,12779
user_15,106,674,19,1169,11,15,11772
user_16,80,461,5,1806,0,57,3007
user_17,133,1703,7,1447,3,71,969
user_18,201,1979,18,1913,13,28,8772
user_19,85,1681,42,607,8,91,2824
user_20,262,1511,5,456,1,5,14593
user_21,463,621,42,1764,2,15,12193
user_22,457,749,42,1225,9,19,1211
user_23,413,1797,25,1235,7,79,229
user_24,155,1336,33,1029,5,70,4284
user_25,463,483,9,623,7,77,14345
user_26,391,410,14,375,6,42,3185
user_27,269,807,32,1914,13,25,501
user_28,440,1613,25,446,12,89,10324
user_29,212,594,11,834,12,77,48
user_30,488,1774,7,1129,4,70,3566
user_31,269,1203,49,1674,8,32,3055
user_32,319,1538,24,810,3,25,8880
user_33,169,1273,23,1424,5,44,386
user_34,443,931,39,1119,1,83,969
user_35,385,1890,8,1411,14,62,11652
user_36,449,1350,9,958,1,66,9197
user_37,231,1953,5,1475,1,51,14553
user_38,155,1032,8,848,9,67,5820
user_39,266,1554,16,808,6,25,14292
user_40,254,1888,31,978,12,74,3052
user_41,119,620,46,1924,1,1,11609
user_42,93,1212,27,415,14,13,7397
user_43,378,1556,29,725,14,29,2302
user_44,350,1993,25,1527,11,48,2283
user_45,277,736,28,453,14,11,9799
user_46,233,1080,29,1314,12,89,14077
user_47,156,1856,49,1557,1,43,4366
user_48,133,1726,36,1216,14,32,122
user_49,387,1376,36,149,8,12,6799
user_50,299,1636,9,1903,6,77,9472
user_51,412,1604,40,758,10,87,3727
user_52,490,1025,46,778,2,97,13732
user_53,70,330,46,972,2,25,8450
user_54,245,636,43,762,6,20,9139
user_55,227,482,20,1001,4,27,14382
user_56,466,1346,37,1538,9,47,4958
user_57,56,843,25,1416,13,99,524
user_58,119,1769,13,1339,13,39,9079
user_59,176,1397,10,75,5,65,8399
user_60,448,1333,49,598,12,72,11574
user_61,209,1807,39,1293,11,86,10986
user_62,297,1779,43,224,7,78,148
user_63,252,1889,26,1553,8,76,8001
user_64,197,1887,45,112,0,22,437
user_65,192,959,9,250,2,80,10394
user_66,481,459,46,1256,10,47,3749
user_67,248,1337,27,840,6,1,11353
user_68,454,1501,21,1814,5,83,14009
user_69,475,711,16,713,6,19,12093
user_70,203,1311,27,1106,7,58,8186
user_71,425,352,20,124,5,45,4453
user_72,433,707,7,1198,2,2,11437
user_73,191,1146,34,1092,1,54,5336
user_74,362,1345,26,1070,11,11,14218
user_75,214,1353,13,883,6,39,4551
user_76,363,1002,33,1279,11,65,2823
user_77,70,559,41,1750,11,99,5728
user_78,131,1528,27,29,11,77,12916
user_79,118,1382,17,280,10,15,11462
user_80,180,1794,36,923,0,82,8677
user_81,136,1075,27,1260,2,33,14868
user_82,267,1789,49,1271,11,43,8391
user_83,470,1335,21,367,10,5,12658
user_84,354,1954,44,494,3,76,13301
user_85,452,1613,25,1048,12,63,1982
user_86,420,1149,6,1609,13,99,6996
user_87,394,653,41,717,0,21,9663
user_88,390,1962,10,1513,4,17,12535
user_89,433,1398,48,1016,9,11,13075
user_90,445,1172,22,1517,2,51,2311
user_91,494,1884,34,1337,1,93,7225
user_92,474,1914,26,605,14,50,11565
user_93,210,1764,37,374,2,70,10270
user_94,227,1290,34,638,7,95,9713
user_95,166,1564,21,1960,5,47,13560
user_96,245,1317,47,1048,12,18,604
user_97,432,1477,36,1357,13,5,8175
user_98,376,1419,46,1378,6,83,12040
user_99,135,593,18,115,11,26,11534
user_100,338,508,14,47,5,52,5785
user_101,130,1666,40,1761,5,47,9609
user_102,201,1411,38,1801,11,6,14108
user_103,110,1117,13,98,2,58,4597
user_104,110,689,46,1482,11,68,7759
user_105,403,624,32,1546,12,10,12067
user_106,77,1239,15,1620,13,14,7532
user_107,491,1188,18,404,7,63,11125
user_108,92,1480,43,1237,11,2,8740
user_109,218,967,23,684,6,68,13653
user_110,472,1974,19,902,6,22,838
user_111,135,932,32,502,5,52,13718
user_112,226,876,28,1744,4,36,13736
user_113,66,1942,12,1471,9,8,3815
user_114,147,1982,47,893,7,14,847
user_115,247,436,13,1599,4,2,4709
user_116,147,1997,37,257,8,92,4507
user_117,114,727,37,843,8,69,6575
user_118,379,1775,23,120,0,16,4773
user_119,390,911,7,809,5,25,12446
user_120,54,1210,14,977,6,20,14349
user_121,51,1118,44,53,2,71,4468
user_122,71,440,46,1018,6,20,10464
user_123,161,1406,5,1354,10,10,5192
user_124,106,476,33,783,10,37,3320
user_125,115,497,38,240,6,71,10750
user_126,379,923,17,1778,13,87,4698
user_127,147,1891,5,1553,12,34,4311
user_128,193,990,38,482,10,13,10188
user_129,417,1744,33,1012,1,13,3673
user_130,484,700,17,186,6,9,1564
user_131,174,770,33,1881,14,11,12210
user_132,216,517,43,655,0,37,1840
user_133,135,1228,28,261,4,33,6058
user_134,125,931,30,952,8,40,7131
user_135,393,1250,21,1387,6,9,11483
user_136,473,1205,11,490,6,16,11079
user_137,343,474,17,430,10,16,726
user_138,493,322,9,238,12,66,9436
user_139,108,534,30,303,11,61,11652
user_140,187,1336,7,297,1,94,6697
user_141,148,1424,11,75,7,0,11910
user_142,241,1228,43,1723,2,11,9257
user_143,292,1859,5,1356,14,3,12963
user_144,368,822,21,1923,7,41,282
user_145,98,1775,47,998,2,12,1081
user_146,497,730,29,1781,9,97,3885
user_147,81,1092,7,641,6,84,2881
user_148,440,1929,19,1497,1,85,10776
user_149,326,832,33,826,3,3,14196
user_150,69,1278,47,1946,10,81,2970
user_151,203,1975,36,282,5,68,9344
user_152,432,1616,30,590,10,18,6985
user_153,117,1109,20,71,8,1,11689
user_154,415,1212,29,1286,4,11,947
user_155,421,1424,32,702,12,80,4760
user_156,263,1825,13,1902,8,73,9909
user_157,192,1627,5,1910,14,97,13436
user_158,425,1170,33,1965,4,5,66
user_159,281,839,26,574,9,7,14341
user_160,262,1323,20,999,7,50,8828
user_161,128,1876,45,891,12,10,8505
user_162,263,1678,48,11,12,62,11589
user_163,165,1626,45,140,0,56,564
user_164,141,1819,11,1789,6,11,9793
user_165,319,1981,18,1578,3,72,9017
user_166,460,526,33,16,4,1,14841
user_167,430,1559,23,1086,5,7,13393
user_168,217,1172,23,252,4,10,3670
user_169,107,1191,6,464,11,52,9217
user_170,333,1778,45,375,0,99,2251
user_171,75,1336,49,1827,11,9,12949
user_172,418,509,19,980,8,84,804
user_173,496,1040,7,519,1,83,10643
user_174,115,696,15,1860,8,7,4631
user_175,458,1423,34,89,9,35,9583
user_176,297,330,44,719,1,92,1235
user_177,303,1197,22,803,8,75,6720
user_178,436,1851,6,795,5,13,12224
user_179,93,948,36,629,10,53,11472
user_180,146,628,12,1884,8,84,6906
user_181,91,1489,26,1198,12,85,6016
user_182,276,1782,10,75,5,20,14452
user_183,311,1251,16,1636,5,49,12915
user_184,216,1423,44,925,12,93,13036
user_185,485,920,40,1686,10,38,3549
user_186,328,1496,19,399,13,19,12392
user_187,138,461,32,1805,1,87,14830
user_188,428,1075,49,969,7,86,7938
user_189,227,1586,22,1094,2,6,4141
user_190,476,573,6,1203,6,8,6966
user_191,452,1326,17,1147,4,0,9546
user_192,246,1351,49,1404,2,25,5335
user_193,356,625,19,1316,0,37,5077
user_194,316,1239,24,796,7,37,13247
user_195,317,1472,33,194,2,60,5611
user_196,123,839,46,1934,1,43,10028
user_197,57,787,33,227,0,85,8089
user_198,457,1121,7,1454,3,43,2892
user_199,346,1761,23,1965,12,73,10688
user_200,213,1388,7,1459,7,61,10775
user_201,134,655,18,1810,12,5,10750
user_202,121,1856,44,460,2,16,5577
user_203,104,1575,8,617,13,50,3618
user_204,442,534,15,1044,0,37,1559
user_205,96,526,35,63,3,23,6683
user_206,448,1848,47,164,8,50,1507
user_207,481,1636,36,26,12,9,12263
user_208,287,348,31,1334,0,71,2063
user_209,153,417,34,1011,11,20,3642
user_210,259,353,47,284,13,69,2000
user_211,91,1973,6,1683,10,84,14578
user_212,365,864,13,280,1,56,14261
user_213,317,1367,32,837,8,38,13199
user_214,435,352,35,830,1,87,1294
user_215,312,1909,38,1187,12,32,4065
user_216,385,857,19,1921,2,58,14090
user_217,436,1848,29,917,6,17,10944
user_218,414,1425,40,223,2,55,8014
user_219,308,1167,12,783,8,91,9945
user_220,332,697,13,1169,5,56,12402
user_221,163,1461,41,964,2,95,1603
user_222,412,974,49,949,8,75,1322
user_223,89,686,43,1891,0,47,5956
user_224,466,410,36,1053,9,41,14732
user_225,269,913,21,44,2,26,2441
user_226,178,316,39,1810,0,73,1098
user_227,57,1505,41,470,1,51,5073
user_228,150,1183,23,33,11,41,9697
user_229,465,1859,48,652,7,31,9318
user_230,429,840,33,1450,6,25,8488
user_231,225,470,11,829,1,24,11241
user_232,156,708,32,1909,1,74,10417
user_233,150,1039,13,220,8,22,14650
user_234,309,1701,32,1891,12,97,13350
user_235,415,1511,10,533,12,56,12546
user_236,295,1157,33,691,5,51,3787
user_237,324,529,21,1971,4,86,14342
user_238,81,418,20,1390,9,92,2096
user_239,186,1479,27,931,5,30,11801
user_240,61,1083,35,840,8,63,2208
user_241,444,764,7,1766,10,70,5988
user_242,351,403,25,1010,6,32,175
user_243,424,1927,30,1938,14,84,7169
user_244,65,997,40,1573,9,1,13288
user_245,178,1825,46,581,9,17,6014
user_246,112,474,41,1139,13,46,10694
user_247,158,1044,26,238,8,32,12191
user_248,424,1997,46,1358,3,97,1667
user_249,70,1744,16,440,1,83,12563
user_250,207,1457,46,147,11,34,10737
user_251,318,1714,17,1032,7,50,8867
user_252,211,1824,15,1311,3,17,1823
user_253,309,964,20,387,12,87,5147
user_254,461,332,12,1073,8,71,1356
user_255,151,354,44,1873,14,29,3072
user_256,272,818,44,1540,14,43,3259
user_257,108,1055,49,915,3,52,6199
user_258,296,1961,6,1878,14,9,546
user_259,177,311,34,637,7,86,5231
user_260,332,1851,34,1610,8,51,7965
user_261,374,1019,16,1700,12,48,2083
user_262,74,854,14,277,8,10,2040
user_263,180,672,48,1977,9,65,4534
user_264,402,783,15,1859,3,57,1752
user_265,245,1272,19,988,0,89,9807
user_266,330,1970,20,1323,14,35,1849
user_267,453,1551,21,1825,2,32,2642
user_268,467,922,30,588,8,46,1600
user_269,203,606,6,1833,3,12,11588
user_270,431,756,16,648,4,39,13951
user_271,182,459,30,617,6,88,4402
user_272,276,630,27,1630,4,67,11797
user_273,238,1075,22,134,3,41,3799
user_274,314,524,36,579,14,18,618
user_275,421,1282,42,1170,1,81,1132
user_276,483,1028,7,489,14,93,5491
user_277,183,1827,42,477,1,18,14692
user_278,260,1779,7,1182,12,57,14516
user_279,109,1368,34,383,12,22,13667
user_280,477,1537,5,162,3,53,5795
user_281,426,1382,34,440,9,79,10307
user_282,444,943,49,1876,12,64,10531
user_283,499,915,36,1212,9,11,10931
user_284,480,494,32,414,12,23,12468
user_285,413,788,25,1362,14,33,7633
user_286,413,456,17,1630,8,52,14769
user_287,262,909,31,1204,7,7,1487
user_288,265,1549,40,287,2,17,7848
user_289,275,711,11,1857,14,56,5009
user_290,180,1528,26,186,13,4,9749
user_291,125,1402,14,1907,8,25,2113
user_292,335,1447,43,1161,13,29,1044
user_293,326,770,19,129,4,53,13923
user_294,205,1541,19,193,10,12,2431
user_295,297,815,8,315,2,82,7979
user_296,267,1925,36,1808,4,28,13926
user_297,239,1427,27,1887,12,2,1582
user_298,466,692,10,143,9,89,14374
user_299,212,930,28,15,12,57,1308
user_300,229,1968,24,1325,3,75,4917
user_301,83,907,41,422,7,1,8793
user_302,90,1279,24,244,12,74,1620
user_303,356,733,16,926,11,27,13072
user_304,480,1654,37,1130,4,81,7503
user_305,387,1466,32,1111,9,76,13499
user_306,363,839,12,128,11,85,4766
user_307,124,577,5,906,7,75,5362
user_308,490,532,41,886,8,1,5192
user_309,328,1852,26,340,3,6,6622
user_310,225,1894,10,3,6,25,6093
user_311,433,1413,25,1350,1,89,6704
user_312,199,1815,36,1433,5,87,100
user_313,322,1522,39,1902,7,75,6657
user_314,374,661,19,305,11,15,5875
user_315,157,1764,9,907,6,22,4271
user_316,188,325,10,606,6,39,237
user_317,399,1348,29,1744,7,59,7226
user_318,320,1717,44,1248,6,72,8032
user_319,396,806,33,1994,4,31,5218
user_320,468,1624,11,1371,6,14,4025
user_321,338,1662,44,991,12,12,11110
user_322,261,566,17,320,13,4,6073
user_323,430,760,42,558,9,74,2542
user_324,321,755,22,1204,2,73,10195
user_325,467,1683,6,617,4,51,1537
user_326,115,1391,12,710,6,76,754
user_327,473,1306,15,1409,14,40,11560
user_328,297,1162,37,1641,8,52,10450
user_329,205,1735,42,1815,14,49,13434
user_330,96,790,31,1795,1,14,7396
user_331,472,1372,24,1131,3,6,11857
user_332,250,863,16,530,11,39,7823
user_333,197,1425,47,409,6,27,5507
user_334,173,515,35,1994,0,31,4235
user_335,50,1761,31,1319,12,98,540
user_336,296,1892,36,817,1,14,5510
user_337,392,858,14,1194,8,99,8461
user_338,177,458,7,1354,12,84,7926
user_339,240,788,49,492,9,69,5131
user_340,116,985,31,1218,6,64,14178
user_341,53,1565,39,11,11,3,11652
user_342,491,1093,35,194,9,10,11600
user_343,458,304,19,489,6,25,8697
user_344,352,1919,20,794,5,60,1129
user_345,343,660,17,880,2,36,10271
user_346,192,758,39,181,9,22,3145
user_347,240,547,15,961,2,92,11434
user_348,70,1889,25,1840,1,84,14160
user_349,276,1996,15,655,10,90,13380
user_350,362,1245,34,1921,5,39,13100
user_351,166,721,39,1339,3,76,8553
user_352,486,314,26,693,4,22,3720
user_353,351,1035,42,29,2,15,9648
user_354,191,1896,35,1619,5,93,13216
user_355,450,1445,18,1701,10,60,4067
user_356,88,576,28,1819,11,67,4195
user_357,442,1881,36,1816,2,79,9873
user_358,404,752,40,1119,13,30,14344
user_359,301,1713,36,1404,14,52,9244
user_360,382,1617,19,777,13,24,7281
user_361,256,1897,47,443,7,43,2509
user_362,259,897,39,297,8,11,5016
user_363,164,745,7,807,3,89,6533
user_364,274,509,20,1760,14,96,4727
user_365,183,1913,9,844,8,91,681
user_366,300,1013,25,1015,11,8,14492
user_367,268,601,14,1384,6,11,14670
user_368,456,1546,23,1397,2,68,3932
user_369,492,302,29,553,6,53,14595
user_370,140,1289,8,302,13,53,10321
user_371,403,1841,33,420,0,27,13041
user_372,425,1416,23,1269,2,55,5560
user_373,95,819,47,1743,5,98,4016
user_374,87,1751,6,1260,3,68,7339
user_375,191,792,14,1557,6,97,11494
user_376,149,1558,47,184,13,97,719
user_377,377,919,29,467,2,76,74
user_378,239,1484,24,753,0,57,9485
user_379,84,630,23,362,8,77,10114
user_380,196,632,27,1306,14,74,14961
user_381,79,349,28,1576,5,41,4157
user_382,383,1846,15,335,7,37,13161
user_383,133,1162,38,161,2,67,8511
user_384,418,1991,32,1183,7,52,2149
user_385,330,1815,9,1497,1,32,9644
user_386,473,1905,9,1624,11,70,13161
user_387,393,571,25,1345,3,55,14033
user_388,319,879,16,11,2,71,14590
user_389,203,1575,8,1447,9,50,9747
user_390,151,859,46,1096,0,73,6713
user_391,264,995,24,587,14,42,4207
user_392,199,1413,42,1881,12,14,11224
user_393,481,745,29,200,12,37,7141
user_394,132,1316,18,521,6,14,8652
user_395,159,1655,15,1887,10,4,9078
user_396,484,1462,36,504,9,92,11725
user_397,436,656,15,1761,1,82,3936
user_398,475,1924,22,1711,3,53,9307
user_399,324,573,31,787,8,50,1075
user_400,250,1342,22,1062,5,9,3876
user_401,333,610,27,59,7,11,4615
user_402,222,1169,15,577,1,3,13099
user_403,376,1185,25,320,6,94,7265
user_404,255,453,48,1458,5,17,6379
user_405,112,1713,9,1659,12,79,10116
user_406,122,1583,27,1699,13,35,13892
user_407,300,919,45,1431,8,24,9118
user_408,173,1182,29,922,6,86,4652
user_409,424,1096,45,1409,0,75,6792
user_410,170,1894,14,1694,13,97,10473
user_411,324,424,26,568,7,35,9247
user_412,480,1677,23,1101,10,66,7456
user_413,447,1596,5,1217,9,8,4674
user_414,169,918,11,1308,14,60,541
user_415,471,544,8,526,2,52,2161
user_416,486,1147,5,523,13,17,2251
user_417,366,749,19,612,1,42,9244
user_418,213,1229,44,1179,11,34,14978
user_419,473,1570,16,1363,2,62,4569
user_420,335,819,26,124,10,97,2744
user_421,314,1464,26,870,5,77,14588
user_422,369,661,21,279,12,3,12061
user_423,210,307,33,916,13,92,13192
user_424,425,777,18,1929,2,40,6041
user_425,357,1675,24,621,9,44,12673
user_426,138,794,37,845,4,49,12349
user_427,191,1929,47,1892,5,78,12802
user_428,252,1132,19,1681,7,27,12717
user_429,358,1750,16,1751,6,41,4675
user_430,276,1362,44,1933,13,79,1560
user_431,492,892,24,673,10,75,11954
user_432,383,486,34,1151,7,68,1164
user_433,271,1919,42,313,2,97,5419
user_434,90,1923,7,331,3,0,2722
user_435,245,1053,32,1173,5,38,10550
user_436,117,392,30,1477,10,95,470
user_437,313,385,34,35,6,89,9608
user_438,51,1367,17,1708,8,16,13953
user_439,410,436,17,1443,12,90,1468
user_440,174,720,6,1045,0,87,7925
user_441,159,373,41,205,12,34,808
user_442,135,1871,42,638,14,45,8363
user_443,474,1936,6,847,7,41,6719
user_444,169,1835,40,1980,7,38,12318
user_445,176,1479,30,1379,5,89,12334
user_446,304,1578,15,439,3,48,12417
user_447,232,470,12,728,2,61,10591
user_448,65,469,48,1119,10,37,5073
user_449,111,1171,44,1952,2,22,8012
user_450,418,621,47,940,5,21,1645
user_451,481,1890,26,163,12,3,13892
user_452,207,755,24,147,7,48,8249
user_453,317,1243,12,1553,6,58,1129
user_454,84,1926,33,293,10,72,1353
user_455,316,1089,44,194,0,67,767
user_456,113,912,30,662,10,70,3895
user_457,99,1478,34,479,5,86,8874
user_458,304,1188,21,1900,6,1,3454
user_459,198,648,24,122,11,48,10200
user_460,374,1774,20,1423,6,87,7329
user_461,353,1976,47,698,8,94,14621
user_462,325,1496,11,964,10,30,11334
user_463,406,309,20,1475,10,39,1790
user_464,221,1039,49,660,9,47,9669
user_465,466,1588,31,1127,4,50,885
user_466,250,1761,27,1778,0,42,7734
user_467,494,1570,28,1485,1,97,3906
user_468,442,966,13,1766,14,54,4492
user_469,373,845,39,1741,3,87,9730
user_470,84,1822,24,709,4,48,2073
user_471,265,428,41,395,8,89,312
user_472,114,1995,46,911,10,79,6269
user_473,57,900,21,1360,14,56,13876
user_474,350,904,35,1004,0,76,5317
user_475,392,626,12,1622,2,14,810
user_476,480,1279,19,1165,4,26,10427
user_477,473,703,35,316,2,67,6841
user_478,381,928,34,1734,3,79,11049
user_479,487,1929,24,1581,14,63,10955
user_480,125,1998,43,1823,13,93,2032
user_481,223,1934,16,1550,2,29,9699
user_482,96,1948,21,1579,3,35,12737
user_483,64,1682,46,1424,13,66,10762
user_484,410,1926,34,680,14,85,10086
user_485,196,1017,33,1333,12,85,13665
user_486,75,1340,23,494,12,48,7129
user_487,357,573,15,555,14,75,2705
user_488,142,984,38,609,14,54,8788
user_489,455,415,11,1796,0,84,2147
user_490,281,1160,48,108,11,55,615
user_491,70,992,38,1818,7,67,947
user_492,356,1414,24,371,3,94,5677
user_493,87,1405,42,854,6,43,4651
user_494,325,623,28,615,1,30,12565
user_495,206,1260,14,767,1,57,11956
user_496,228,413,36,1914,5,86,7866
user_497,181,1381,19,205,13,52,2013
user_498,360,453,41,846,1,83,3697
user_499,397,1727,24,42,14,78,490
user_500,77,1951,7,864,14,22,4350
user_501,309,1589,41,1268,5,27,2428
user_502,455,614,44,1310,10,15,4987
user_503,125,1364,12,1378,14,36,8733
user_504,478,404,44,784,1,20,9479
user_505,116,1516,48,475,3,78,9825
user_506,391,1724,27,82,6,16,4920
user_507,243,1601,44,1133,7,36,2926
user_508,211,653,15,1973,14,76,9544
user_509,396,1315,12,189,2,18,7282
user_510,488,1032,33,799,13,29,4376
user_511,410,1903,34,935,14,44,9490
user_512,306,1008,14,1932,12,17,4868
user_513,121,1579,43,250,8,77,6986
user_514,136,950,32,1747,1,61,6862
user_515,471,1123,40,290,7,35,12159
user_516,311,1246,17,1668,7,99,4423
user_517,263,960,36,1224,12,83,10450
user_518,202,398,40,1820,13,51,6870
user_519,259,887,41,325,3,18,13210
user_520,450,581,30,1534,0,43,12839
user_521,110,702,26,1432,12,6,8159
user_522,317,1432,8,1630,0,43,2073
user_523,311,999,35,1813,1,67,6170
user_524,267,498,22,1985,13,33,701
user_525,332,1626,42,1964,14,65,10111
user_526,185,626,28,836,11,68,8113
user_527,429,453,27,507,13,54,6825
user_528,411,851,26,730,8,9,10652
user_529,498,1968,6,1624,12,95,12454
user_530,490,704,35,71,1,41,7867
user_531,142,761,15,1270,1,40,4264
user_532,158,431,32,640,5,76,7968
user_533,290,1090,36,1747,6,68,8146
user_534,404,1173,9,939,12,9,12516
user_535,473,383,42,1878,6,9,14290
user_536,191,1722,14,607,14,90,7776
user_537,340,1053,44,1610,12,59,8558
user_538,481,927,28,1958,8,50,8719
user_539,286,1432,39,565,5,20,4886
user_540,389,520,48,1367,13,7,11910
user_541,361,852,27,1994,7,64,11801
user_542,226,1691,21,1948,10,91,3935
user_543,190,1470,5,53,5,77,4619
user_544,238,411,35,1753,1,84,5191
user_545,98,914,35,527,0,29,13956
user_546,351,1881,46,610,4,84,10345
user_547,418,1223,46,1555,13,48,6875
user_548,239,1817,38,1581,8,8,10100
user_549,185,1828,13,1986,7,16,11204
user_550,92,774,26,192,13,68,7856
user_551,453,1135,17,1918,12,57,5401
user_552,429,570,29,57,3,56,12420
user_553,402,720,22,1460,4,61,14869
user_554,139,1006,16,1134,12,94,3022
user_555,344,1690,44,128,4,51,14604
user_556,390,1603,21,1872,5,60,11675
user_557,294,1606,19,705,2,39,10912
user_558,482,339,46,1948,4,37,5738
user_559,241,488,19,851,1,42,5984
user_560,367,1487,19,1349,9,62,1770
user_561,155,1293,43,7,0,18,12305
user_562,412,1859,17,28,10,99,9969
user_563,359,835,21,1135,0,49,12404
user_564,431,1327,36,946,9,32,8989
user_565,282,589,13,1696,6,12,3215
user_566,314,732,44,130,1,77,11980
user_567,393,770,24,187,3,96,6694
user_568,86,1504,30,1698,4,61,2976
user_569,354,1571,31,708,6,92,3737
user_570,90,927,25,1498,1,42,9903
user_571,66,578,22,1387,13,48,752
user_572,393,1176,17,1227,5,35,10661
user_573,326,880,20,211,0,9,12161
user_574,356,1162,13,1644,6,94,1392
user_575,108,553,16,275,8,5,6789
user_576,472,480,48,1096,4,56,10797
user_577,232,980,42,1702,4,0,14385
user_578,90,1124,23,1795,3,70,677
user_579,88,1832,11,242,2,57,105
user_580,446,999,39,1810,8,90,11479
user_581,241,865,22,1125,4,20,4753
user_582,316,1649,20,986,7,91,1946
user_583,196,1680,43,684,8,79,5544
user_584,444,1973,8,170,4,55,1095
user_585,382,979,29,652,9,86,13275
user_586,176,690,36,1932,8,19,6985
user_587,95,1938,44,187,1,53,14096
user_588,94,1408,17,1464,8,24,1782
user_589,50,1640,49,1109,10,27,4541
user_590,217,511,21,1499,3,4,14236
user_591,157,1838,41,51,5,20,3257
user_592,68,683,10,110,5,17,6213
user_593,381,641,23,1972,5,46,10189
user_594,121,1143,17,876,1,69,14485
user_595,494,1361,30,1877,6,56,4869
user_596,158,1834,18,1066,12,92,1561
user_597,317,719,35,210,5,18,4006
user_598,494,1050,8,1991,10,96,9867
user_599,289,1492,43,1223,13,64,9314
user_600,466,1666,12,1833,0,2,3981
user_601,350,605,29,857,1,41,9493
user_602,139,1865,17,1775,6,20,5682
user_603,152,1001,36,626,0,98,5782
user_604,299,1168,42,1049,14,39,943
user_605,57,836,42,1942,0,66,4550
user_606,202,1435,32,298,0,24,13415
user_607,396,1734,34,1100,7,54,9137
user_608,223,505,7,923,3,83,600
user_609,392,1508,32,136,3,51,10892
user_610,207,1705,7,1043,12,43,13012
user_611,480,795,49,439,1,97,6376
user_612,264,1702,38,210,10,84,9609
user_613,226,1370,20,751,10,55,1524
user_614,224,1874,26,1574,10,54,3766
user_615,389,1851,36,434,0,86,250
user_616,387,803,42,779,11,69,9736
user_617,195,1345,12,1230,9,76,78
user_618,499,512,12,438,8,86,3123
user_619,373,609,10,1997,6,72,9089
user_620,210,960,18,1802,3,80,7064
user_621,176,1052,36,665,11,65,13068
user_622,469,571,39,1065,5,18,8417
user_623,131,1894,14,410,13,82,13362
user_624,196,1237,7,1546,1,6,1209
user_625,288,1525,16,805,6,62,5153
user_626,461,331,35,609,1,41,4898
user_627,473,742,33,426,9,41,13029
user_628,133,461,9,1298,7,58,2178
user_629,162,1066,29,1471,7,19,10871
user_630,274,553,45,901,0,72,7610
user_631,381,820,35,941,12,16,11077
user_632,427,1276,25,1907,7,26,10998
user_633,292,1974,24,741,1,46,8895
user_634,192,1803,43,1392,5,1,2544
user_635,90,309,26,1961,12,62,5522
user_636,472,1025,8,1243,0,61,2370
user_637,307,804,17,1600,4,99,3281
user_638,496,1084,49,1890,10,18,4710
user_639,334,1883,46,1255,6,16,328
user_640,154,735,24,327,12,68,13683
user_641,251,1434,17,1466,9,38,5579
user_642,499,452,21,51,0,81,4228
user_643,356,1958,40,1909,14,70,13122
user_644,380,1216,37,1966,1,80,6794
user_645,315,1168,5,375,6,38,120
user_646,447,1425,19,262,5,35,6749
user_647,259,1052,17,266,2,39,13763
user_648,100,1514,21,358,13,44,964
user_649,167,862,28,1340,9,3,4224
user_650,250,1404,12,1347,1,24,3675
user_651,426,788,31,1944,9,68,5694
user_652,88,1194,49,1931,3,29,2076
user_653,77,1411,27,1689,2,75,6865
user_654,308,1517,12,1893,6,67,5643
user_655,133,403,12,1901,7,87,8524
user_656,204,1419,30,651,1,28,11560
user_657,166,1746,17,1962,9,72,5249
user_658,51,1521,43,1586,6,67,1316
user_659,142,1324,41,1652,7,50,1196
user_660,215,1306,32,1444,5,23,3170
user_661,436,706,29,45,5,13,9621
user_662,449,1701,20,1844,9,68,355
user_663,399,466,6,599,0,17,12426
user_664,345,808,22,719,3,41,9718
user_665,307,1961,21,1912,13,56,12089
user_666,130,612,34,1292,0,82,13485
user_667,474,1916,43,600,3,11,28
user_668,317,1741,17,380,1,81,13218
user_669,468,1062,36,117,10,16,14831
user_670,284,980,33,1589,12,29,1013
user_671,370,776,34,1976,4,87,10894
user_672,360,372,22,115,9,74,9019
user_673,350,1464,17,1653,13,98,12638
user_674,406,881,47,259,8,22,14889
user_675,262,561,25,1098,10,80,2024
user_676,111,1663,34,1503,14,0,8490
user_677,98,1631,25,304,11,78,5839
user_678,176,544,21,6,9,31,10057
user_679,272,1838,44,365,2,8,12208
user_680,458,1660,23,1657,7,14,13503
user_681,328,1898,19,522,2,27,5791
user_682,457,860,13,1371,5,23,10303
user_683,343,1399,14,1461,3,59,754
user_684,333,474,48,1238,7,34,8961
user_685,326,408,35,428,10,85,3735
user_686,487,482,27,790,5,26,1238
user_687,156,491,34,1521,7,82,13121
user_688,195,364,37,1563,0,75,10405
user_689,469,1262,13,746,5,19,1906
user_690,148,1797,5,366,0,64,7399
user_691,478,1423,48,312,0,84,7961
user_692,424,1867,39,537,7,48,9756
user_693,122,1163,15,920,14,0,9410
user_694,486,1451,38,1077,6,9,4601
user_695,171,1775,20,1564,2,46,9549
user_696,79,668,13,1490,5,58,12031
user_697,237,1150,36,864,14,95,1460
user_698,413,342,19,1187,8,61,7669
user_699,403,1742,16,781,6,85,12177
user_700,337,787,37,333,11,17,1416
user_701,244,377,49,1570,2,45,11045
user_702,205,1125,18,797,13,31,7766
user_703,221,1593,12,347,13,26,13460
user_704,384,973,12,272,12,91,13048
user_705,90,1000,31,962,5,17,13120
user_706,112,1058,16,719,10,38,1428
user_707,72,1027,5,1773,3,48,4378
user_708,409,1638,47,1437,13,92,7529
user_709,124,1224,44,499,12,81,4474
user_710,97,1201,46,1116,2,43,12485
user_711,209,1188,15,684,8,71,11254
user_712,362,1292,43,78,9,53,3071
user_713,167,1491,47,621,1,94,555
user_714,149,638,35,1240,0,33,8547
user_715,429,492,21,946,14,70,1563
user_716,466,1776,37,357,13,35,11692
user_717,457,582,36,617,1,17,1040
user_718,216,1659,33,506,6,37,2686
user_719,339,689,25,1582,9,58,12666
user_720,489,1299,25,1204,0,8,12967
user_721,205,824,44,575,5,72,2553
user_722,470,1563,27,1269,13,71,1779
user_723,56,1806,10,243,6,50,13186
user_724,245,958,26,505,8,34,75
user_725,470,1015,42,421,14,81,4326
user_726,105,1915,41,1343,13,4,5835
user_727,370,1190,49,1110,7,13,5057
user_728,242,1878,12,216,5,91,11511
user_729,96,1781,45,1513,2,29,2349
user_730,197,1412,39,1542,7,3,2773
user_731,324,1983,15,1301,6,38,2262
user_732,206,1418,28,1872,2,83,3229
user_733,251,751,25,1745,8,63,10308
user_734,493,727,6,1008,11,24,392
user_735,451,1474,44,1192,1,27,1108
user_736,468,1837,23,329,2,75,4362
user_737,476,1699,43,649,1,65,5188
user_738,175,1345,32,1464,12,77,8802
user_739,444,1182,21,390,0,21,13658
user_740,354,612,10,1519,3,30,13296
user_741,418,1139,23,380,4,22,5057
user_742,343,818,42,1329,12,47,10967
user_743,113,1529,32,741,5,19,3998
user_744,374,674,6,819,4,37,8864
user_745,441,750,42,672,0,54,6566
user_746,467,1949,41,512,2,67,3677
user_747,225,1314,8,1771,0,78,5796
user_748,165,894,26,948,10,87,14450
user_749,489,1502,30,1211,4,88,6363
user_750,253,1533,47,929,4,0,8123
user_751,370,799,40,1539,11,6,8222
user_752,80,763,17,912,10,56,7690
user_753,437,1447,36,643,12,94,13654
user_754,162,412,21,426,5,11,1400
user_755,414,1335,45,501,7,4,13441
user_756,483,1449,40,729,9,49,4071
user_757,374,1888,23,1283,11,41,8808
user_758,463,630,39,1536,0,11,12826
user_759,425,1606,44,70,3,17,2786
user_760,393,439,32,477,9,65,7169
user_761,492,1724,5,1201,10,73,870
user_762,116,1201,46,456,0,78,4196
user_763,124,1420,22,188,8,93,11796
user_764,94,816,44,290,10,16,9604
user_765,309,868,37,1543,6,67,2739
user_766,203,1145,16,1788,6,70,940
user_767,204,1392,12,919,11,61,340
user_768,479,417,28,291,4,40,11100
user_769,412,1187,20,1969,6,94,13331
user_770,497,1382,8,755,11,33,7422
user_771,283,1356,42,1658,14,69,4133
user_772,100,1641,48,1834,1,44,659
user_773,355,349,31,1306,13,57,10225
user_774,311,1812,13,1567,12,50,9752
user_775,364,318,20,1869,3,33,3457
user_776,174,1025,16,376,13,43,9848
user_777,448,496,35,1681,13,14,2975
user_778,294,1773,28,1179,6,77,9241
user_779,79,858,18,507,2,69,453
user_780,475,751,49,1436,1,49,9896
user_781,171,588,29,527,9,31,8184
user_782,174,1464,38,1378,1,66,5442
user_783,86,1407,7,558,12,2,10976
user_784,219,690,28,1786,0,85,818
user_785,173,1914,46,1210,4,85,4868
user_786,406,514,13,1054,11,73,12
user_787,84,1849,30,259,5,50,12171
user_788,136,514,24,420,5,66,7727
user_789,183,1726,44,1552,8,75,920
user_790,245,427,14,1574,3,92,4920
user_791,323,1800,23,303,0,47,2418
user_792,250,1059,7,941,5,16,9506
user_793,418,703,28,1967,14,6,6475
user_794,334,1352,9,1062,4,12,11869
user_795,126,637,7,1512,9,65,14596
user_796,108,1130,31,1667,5,3,2017
user_797,480,1013,20,541,2,9,7957
user_798,175,660,19,1693,1,87,9420
user_799,450,868,39,1301,5,16,4792
user_800,158,1715,16,1226,12,51,6830
user_801,273,517,45,1089,0,5,13237
user_802,327,1897,48,107,6,82,2434
user_803,117,1992,30,267,6,68,2868
user_804,118,501,38,221,9,95,10707
user_805,214,316,27,1827,12,73,1438
user_806,354,621,35,1553,6,8,12356
user_807,446,817,24,1113,14,90,3543
user_808,211,1893,16,692,11,76,11367
user_809,414,1648,27,254,10,82,1781
user_810,391,1735,8,1478,9,20,6343
user_811,358,1641,27,252,0,23,2263
user_812,428,980,5,256,14,3,10161
user_813,392,1405,29,382,3,23,211
user_814,484,1797,6,441,12,58,8699
user_815,436,1791,34,1881,6,98,6159
user_816,91,724,7,598,10,2,13809
user_817,403,1527,25,1113,8,67,7027
user_818,465,1906,29,1772,4,39,331
user_819,158,1318,24,389,12,47,6860
user_820,100,686,26,581,1,53,8044
user_821,299,1077,25,1067,6,34,8169
user_822,390,397,37,1735,9,94,8742
user_823,479,1668,42,1687,0,55,5720
user_824,432,507,19,597,6,88,9133
user_825,70,1837,19,18,5,39,14591
user_826,349,1959,29,1124,6,76,727
user_827,188,885,25,1937,13,67,4975
user_828,408,465,28,606,12,45,11054
user_829,373,321,9,1789,9,77,3243
user_830,434,453,10,1380,2,12,648
user_831,141,1762,47,1565,14,26,5095
user_832,496,1618,48,1784,2,5,13809
user_833,329,518,27,1961,6,16,6614
user_834,174,968,8,32,12,35,10929
user_835,446,1818,31,1993,1,98,13900
user_836,160,529,22,1252,0,80,10939
user_837,403,319,25,1547,8,1,14842
user_838,188,852,32,1653,8,76,7135
user_839,484,1249,39,861,6,51,1009
user_840,322,447,26,154,6,65,1550
user_841,148,1431,44,1446,2,51,8995
user_842,301,702,27,904,9,91,12272
user_843,387,895,7,1269,14,42,7492
user_844,153,1806,44,404,1,89,12501
user_845,263,666,14,843,10,21,12456
user_846,298,1737,29,1782,6,54,3401
user_847,201,1632,12,1564,8,66,7447
user_848,299,1101,15,1184,0,98,13265
user_849,324,1217,9,746,12,59,5424
user_850,214,1457,49,1725,13,57,4241
user_851,390,1606,41,1140,3,11,14086
user_852,57,372,49,270,5,87,12803
user_853,333,780,42,769,6,68,3161
user_854,54,1675,33,1715,9,83,12740
user_855,194,859,9,1510,6,38,4155
user_856,150,1649,13,1908,9,12,7478
user_857,213,1044,6,171,1,40,8719
user_858,423,1766,5,1973,13,56,11490
user_859,196,399,44,273,3,52,9215
user_860,113,1382,34,258,4,11,6617
user_861,140,807,15,1158,13,12,5660
user_862,166,557,32,1706,11,73,11926
user_863,403,712,48,1745,0,96,13390
user_864,316,1775,16,1771,0,56,8624
user_865,359,1388,43,421,9,39,1176
user_866,222,894,30,1444,2,79,7956
user_867,96,1477,17,1209,14,44,8592
user_868,189,565,12,1952,14,34,10296
user_869,295,1120,32,363,9,2,11242
user_870,198,1402,34,1978,2,4,2233
user_871,295,1638,13,1630,11,89,10637
user_872,444,961,43,377,7,10,4700
user_873,54,1246,35,1546,8,70,11027
user_874,233,859,25,579,14,55,14493
user_875,69,1216,38,890,13,9,5906
user_876,474,1190,35,721,10,33,7860
user_877,95,1571,29,1219,11,66,7526
user_878,61,1167,16,880,0,71,5559
user_879,119,909,5,1121,13,30,6732
user_880,66,713,26,604,10,74,2513
user_881,420,324,44,21,1,70,7830
user_882,196,583,41,1473,9,65,14781
user_883,203,1772,5,1195,1,69,9965
user_884,353,1180,5,382,14,40,6944
user_885,157,600,46,133,3,62,7910
user_886,285,1391,46,1449,1,31,5649
user_887,357,1330,25,1048,6,19,1096
user_888,401,1116,19,502,12,56,9120
user_889,119,1460,21,1208,14,97,1951
user_890,232,1487,26,1108,8,49,10165
user_891,299,382,42,1590,6,79,14352
user_892,277,1973,39,1786,11,24,9746
user_893,151,1743,49,143,5,11,10970
user_894,124,1396,20,1886,14,70,12613
user_895,466,1560,12,1933,9,38,9186
user_896,495,345,21,1702,0,16,7799
user_897,265,917,21,1435,10,44,8804
user_898,456,1227,30,223,9,10,10785
user_899,448,561,17,219,8,69,595
user_900,460,475,21,178,4,22,13208
user_901,252,1489,42,1654,10,90,7875
user_902,241,956,21,432,4,69,9033
user_903,298,1141,18,264,5,37,13513
user_904,291,669,49,953,8,1,4439
user_905,228,353,10,428,12,85,5972
user_906,486,989,39,1685,7,83,858
user_907,268,1742,18,415,7,88,5519
user_908,131,1830,12,1476,13,78,7385
user_909,141,1664,19,726,7,92,8636
user_910,484,1450,31,196,0,71,9980
user_911,224,1732,17,1577,0,36,4317
user_912,288,666,35,1076,7,48,3454
user_913,309,1594,39,479,4,51,12144
user_914,440,943,10,1466,8,32,12879
user_915,414,1928,9,1353,1,21,1030
user_916,212,678,26,1274,8,4,9487
user_917,97,372,27,1830,11,17,7906
user_918,378,1214,29,889,13,37,13305
user_919,377,1571,38,1806,7,36,10255
user_920,165,1159,30,1990,8,93,1447
user_921,478,342,9,924,3,94,10237
user_922,386,676,30,122,0,63,12811
user_923,386,1364,24,1902,0,9,2850
user_924,418,469,10,1410,4,78,12016
user_925,274,511,10,1362,1,41,10260
user_926,401,1816,22,777,13,47,11953
user_927,377,338,8,347,7,43,8106
user_928,196,668,21,28,9,81,10467
user_929,112,1056,18,974,10,86,7151
user_930,343,450,18,34,4,96,10000
user_931,372,1434,17,1541,4,15,9503
user_932,492,1803,11,1419,1,53,6952
user_933,374,1759,48,622,6,34,4055
user_934,62,1370,19,1317,12,97,5402
user_935,480,1323,23,588,7,27,10643
user_936,238,1898,47,1372,9,1,9281
user_937,336,1036,48,1170,12,93,1672
user_938,257,1689,39,1090,0,12,11867
user_939,163,368,21,903,1,40,4532
user_940,71,598,39,519,9,79,4924
user_941,398,1243,23,121,3,58,12546
user_942,263,1101,24,339,4,68,10195
user_943,220,595,40,174,12,91,6085
user_944,372,502,39,1923,1,52,12390
user_945,103,360,36,1714,0,44,13280
user_946,443,1245,48,596,8,19,7734
user_947,347,1262,44,450,13,23,4864
user_948,369,1637,28,556,0,60,9316
user_949,175,1484,21,1159,12,90,1221
user_950,326,630,11,1878,14,93,2860
user_951,253,1851,47,1039,3,57,10465
user_952,243,637,5,1356,1,26,11182
user_953,218,1929,39,1218,10,25,10702
user_954,201,1627,36,1519,3,6,8428
user_955,84,1826,40,8,7,41,9336
user_956,233,1973,17,1851,7,46,14841
user_957,335,1661,10,333,14,52,3253
user_958,106,1873,18,1356,10,58,3782
user_959,271,938,41,1016,11,37,6957
user_960,352,574,19,326,8,68,766
user_961,212,1487,8,14,12,86,2681
user_962,68,1766,44,838,14,91,7710
user_963,419,618,20,1637,10,97,7482
user_964,313,888,32,225,14,52,5086
user_965,331,803,20,1448,11,14,7964
user_966,162,686,8,1813,4,95,2665
user_967,376,1169,49,1431,6,25,9951
user_968,79,1132,30,112,2,47,14608
user_969,184,1314,32,1451,9,94,14567
user_970,116,902,36,0,3,18,11683
user_971,114,990,49,265,9,8,11007
user_972,341,793,6,1514,8,63,3513
user_973,74,789,35,1231,9,92,495
user_974,86,1020,7,1645,9,53,13335
user_975,50,1396,12,1735,13,50,11372
user_976,448,808,28,951,11,38,5822
user_977,86,689,19,1392,0,3,14837
user_978,190,1942,47,305,1,2,12122
user_979,281,594,35,11,4,63,2072
user_980,185,1692,13,1368,2,28,14623
user_981,438,1095,43,1488,1,10,7795
user_982,237,1164,49,1723,0,96,8529
user_983,177,848,6,1689,9,57,3949
user_984,250,948,12,1517,2,74,6033
user_985,176,867,11,1391,0,26,11300
user_986,306,1510,48,1869,11,96,10009
user_987,213,1152,43,936,0,20,8328
user_988,84,1069,46,419,11,38,2555
user_989,243,744,20,888,0,94,6370
user_990,240,1893,39,1814,7,45,4415
user_991,153,662,34,170,14,65,5959
user_992,72,422,14,133,2,90,9107
user_993,314,1511,42,964,10,35,13493
user_994,339,1041,22,1450,0,74,5993
user_995,479,979,9,1048,6,81,14421
user_996,433,719,33,1553,9,64,11730
user_997,309,1949,43,1213,2,62,5021
user_998,463,1575,38,1164,7,98,10292
user_999,407,1942,47,1578,3,34,2907
user_1000,124,1872,49,1869,3,30,2914
